{"IcoMoonType":"selection","icons":[{"icon":{"paths":["M135.429 808h132v-396.571h-132v396.571zM276 289.143c-0.571-38.857-28.571-68.571-73.714-68.571s-74.857 29.714-74.857 68.571c0 37.714 28.571 68.571 73.143 68.571h0.571c46.286 0 74.857-30.857 74.857-68.571zM610.286 808h132v-227.429c0-121.714-65.143-178.286-152-178.286-70.857 0-102.286 39.429-119.429 66.857h1.143v-57.714h-132s1.714 37.143 0 396.571v0h132v-221.714c0-11.429 0.571-23.429 4-32 9.714-23.429 31.429-48 68-48 47.429 0 66.286 36 66.286 89.714v212zM877.714 237.714v548.571c0 90.857-73.714 164.571-164.571 164.571h-548.571c-90.857 0-164.571-73.714-164.571-164.571v-548.571c0-90.857 73.714-164.571 164.571-164.571h548.571c90.857 0 164.571 73.714 164.571 164.571z"],"width":877.7142857142857,"attrs":[],"isMulticolor":false,"isMulticolor2":false,"tags":["linkedin-square"],"defaultCode":61580,"grid":14},"attrs":[],"properties":{"name":"linkedin-square","id":133,"order":14,"prevSize":28,"code":61580},"setIdx":0,"setId":3,"iconIdx":0},{"icon":{"paths":["M925.714 233.143c-25.143 36.571-56.571 69.143-92.571 95.429 0.571 8 0.571 16 0.571 24 0 244-185.714 525.143-525.143 525.143-104.571 0-201.714-30.286-283.429-82.857 14.857 1.714 29.143 2.286 44.571 2.286 86.286 0 165.714-29.143 229.143-78.857-81.143-1.714-149.143-54.857-172.571-128 11.429 1.714 22.857 2.857 34.857 2.857 16.571 0 33.143-2.286 48.571-6.286-84.571-17.143-148-91.429-148-181.143v-2.286c24.571 13.714 53.143 22.286 83.429 23.429-49.714-33.143-82.286-89.714-82.286-153.714 0-34.286 9.143-65.714 25.143-93.143 90.857 112 227.429 185.143 380.571 193.143-2.857-13.714-4.571-28-4.571-42.286 0-101.714 82.286-184.571 184.571-184.571 53.143 0 101.143 22.286 134.857 58.286 41.714-8 81.714-23.429 117.143-44.571-13.714 42.857-42.857 78.857-81.143 101.714 37.143-4 73.143-14.286 106.286-28.571z"],"width":950.8571428571428,"attrs":[],"isMulticolor":false,"isMulticolor2":false,"tags":["twitter"],"defaultCode":61593,"grid":14},"attrs":[],"properties":{"name":"twitter","id":145,"order":13,"prevSize":28,"code":61593},"setIdx":0,"setId":3,"iconIdx":1},{"icon":{"paths":["M548 6.857v150.857h-89.714c-70.286 0-83.429 33.714-83.429 82.286v108h167.429l-22.286 169.143h-145.143v433.714h-174.857v-433.714h-145.714v-169.143h145.714v-124.571c0-144.571 88.571-223.429 217.714-223.429 61.714 0 114.857 4.571 130.286 6.857z"],"width":602.2582857142856,"attrs":[],"isMulticolor":false,"isMulticolor2":false,"tags":["facebook","facebook-f"],"defaultCode":61594,"grid":14},"attrs":[],"properties":{"name":"facebook, facebook-f","id":146,"order":9,"prevSize":28,"code":61594},"setIdx":0,"setId":3,"iconIdx":2},{"icon":{"paths":["M877.714 512c0 242.286-196.571 438.857-438.857 438.857-43.429 0-84.571-6.286-124.571-18.286 16.571-26.286 35.429-60 44.571-93.714 0 0 5.143-19.429 30.857-120.571 14.857 29.143 59.429 54.857 106.857 54.857 141.143 0 237.143-128.571 237.143-301.143 0-129.714-110.286-251.429-278.286-251.429-208 0-313.143 149.714-313.143 274.286 0 75.429 28.571 142.857 89.714 168 9.714 4 18.857 0 21.714-11.429 2.286-7.429 6.857-26.857 9.143-34.857 2.857-11.429 1.714-14.857-6.286-24.571-17.714-21.143-29.143-48-29.143-86.286 0-110.857 82.857-210.286 216-210.286 117.714 0 182.857 72 182.857 168.571 0 126.286-56 233.143-139.429 233.143-45.714 0-80-37.714-69.143-84.571 13.143-55.429 38.857-115.429 38.857-155.429 0-36-19.429-66.286-59.429-66.286-46.857 0-84.571 48.571-84.571 113.714 0 0 0 41.714 14.286 69.714-48 203.429-56.571 238.857-56.571 238.857-8 33.143-8.571 70.286-7.429 101.143-154.857-68-262.857-222.286-262.857-402.286 0-242.286 196.571-438.857 438.857-438.857s438.857 196.571 438.857 438.857z"],"width":877.7142857142857,"attrs":[],"isMulticolor":false,"isMulticolor2":false,"tags":["pinterest"],"defaultCode":61650,"grid":14},"attrs":[],"properties":{"name":"pinterest","id":186,"order":8,"prevSize":28,"code":61650},"setIdx":0,"setId":3,"iconIdx":3},{"icon":{"paths":["M199.429 357.143v566.286h-188.571v-566.286h188.571zM211.429 182.286c0.571 54.286-40.571 97.714-106.286 97.714v0h-1.143c-63.429 0-104-43.429-104-97.714 0-55.429 42.286-97.714 106.286-97.714 64.571 0 104.571 42.286 105.143 97.714zM877.714 598.857v324.571h-188v-302.857c0-76-27.429-128-95.429-128-52 0-82.857 34.857-96.571 68.571-4.571 12.571-6.286 29.143-6.286 46.286v316h-188c2.286-513.143 0-566.286 0-566.286h188v82.286h-1.143c24.571-38.857 69.143-95.429 170.857-95.429 124 0 216.571 81.143 216.571 254.857z"],"width":877.7142857142857,"attrs":[],"isMulticolor":false,"isMulticolor2":false,"tags":["linkedin"],"defaultCode":61665,"grid":14},"attrs":[],"properties":{"name":"linkedin","id":200,"order":7,"prevSize":28,"code":61665},"setIdx":0,"setId":3,"iconIdx":4},{"icon":{"paths":["M438.857 548.571v219.429c0 60.571-49.143 109.714-109.714 109.714h-219.429c-60.571 0-109.714-49.143-109.714-109.714v-402.286c0-161.143 131.429-292.571 292.571-292.571h36.571c20 0 36.571 16.571 36.571 36.571v73.143c0 20-16.571 36.571-36.571 36.571h-36.571c-80.571 0-146.286 65.714-146.286 146.286v18.286c0 30.286 24.571 54.857 54.857 54.857h128c60.571 0 109.714 49.143 109.714 109.714zM950.857 548.571v219.429c0 60.571-49.143 109.714-109.714 109.714h-219.429c-60.571 0-109.714-49.143-109.714-109.714v-402.286c0-161.143 131.429-292.571 292.571-292.571h36.571c20 0 36.571 16.571 36.571 36.571v73.143c0 20-16.571 36.571-36.571 36.571h-36.571c-80.571 0-146.286 65.714-146.286 146.286v18.286c0 30.286 24.571 54.857 54.857 54.857h128c60.571 0 109.714 49.143 109.714 109.714z"],"width":950.8571428571428,"attrs":[],"isMulticolor":false,"isMulticolor2":false,"tags":["quote-left"],"defaultCode":61709,"grid":14},"attrs":[],"properties":{"name":"quote-left","id":242,"order":6,"prevSize":28,"code":61709},"setIdx":0,"setId":3,"iconIdx":5},{"icon":{"paths":["M438.857 182.857v402.286c0 161.143-131.429 292.571-292.571 292.571h-36.571c-20 0-36.571-16.571-36.571-36.571v-73.143c0-20 16.571-36.571 36.571-36.571h36.571c80.571 0 146.286-65.714 146.286-146.286v-18.286c0-30.286-24.571-54.857-54.857-54.857h-128c-60.571 0-109.714-49.143-109.714-109.714v-219.429c0-60.571 49.143-109.714 109.714-109.714h219.429c60.571 0 109.714 49.143 109.714 109.714zM950.857 182.857v402.286c0 161.143-131.429 292.571-292.571 292.571h-36.571c-20 0-36.571-16.571-36.571-36.571v-73.143c0-20 16.571-36.571 36.571-36.571h36.571c80.571 0 146.286-65.714 146.286-146.286v-18.286c0-30.286-24.571-54.857-54.857-54.857h-128c-60.571 0-109.714-49.143-109.714-109.714v-219.429c0-60.571 49.143-109.714 109.714-109.714h219.429c60.571 0 109.714 49.143 109.714 109.714z"],"width":950.8571428571428,"attrs":[],"isMulticolor":false,"isMulticolor2":false,"tags":["quote-right"],"defaultCode":61710,"grid":14},"attrs":[],"properties":{"name":"quote-right","id":243,"order":5,"prevSize":28,"code":61710},"setIdx":0,"setId":3,"iconIdx":6},{"icon":{"paths":["M406.286 644.571l276.571-142.857-276.571-144.571v287.429zM512 152c215.429 0 358.286 10.286 358.286 10.286 20 2.286 64 2.286 102.857 43.429 0 0 31.429 30.857 40.571 101.714 10.857 82.857 10.286 165.714 10.286 165.714v77.714s0.571 82.857-10.286 165.714c-9.143 70.286-40.571 101.714-40.571 101.714-38.857 40.571-82.857 40.571-102.857 42.857 0 0-142.857 10.857-358.286 10.857v0c-266.286-2.286-348-10.286-348-10.286-22.857-4-74.286-2.857-113.143-43.429 0 0-31.429-31.429-40.571-101.714-10.857-82.857-10.286-165.714-10.286-165.714v-77.714s-0.571-82.857 10.286-165.714c9.143-70.857 40.571-101.714 40.571-101.714 38.857-41.143 82.857-41.143 102.857-43.429 0 0 142.857-10.286 358.286-10.286v0z"],"width":1024,"attrs":[],"isMulticolor":false,"isMulticolor2":false,"tags":["youtube-play"],"defaultCode":61802,"grid":14},"attrs":[],"properties":{"name":"youtube-play","id":326,"order":4,"prevSize":28,"code":61802},"setIdx":0,"setId":3,